Position,Company,Location,URL
Sr. DevOps Engineer (m/f/x),Digitalprojekt 4 GmbH,https://berlinstartupjobs.com/engineering/sr-devops-engineer-m-f-x-digitalprojekt-4-gmbh/
Senior back-end developer (full-time),xymatic,https://berlinstartupjobs.com/companies/xymatic/
(Senior) Developer Fullstack (Typescript / Javascript / Node.js),DATATRONiQ,https://berlinstartupjobs.com/companies/datatroniq/
(Senior) Backend Developer (Golang),DATATRONiQ,https://berlinstartupjobs.com/companies/datatroniq/
Senior Software Engineer (m/f/d),Garden,https://berlinstartupjobs.com/engineering/senior-software-engineer-m-f-d-garden-germany-gmbh/
Software developer for web applications (Berlin/Hamburg/Cologne),Syspons,https://berlinstartupjobs.com/engineering/software-developer-for-web-applications-berlin-hamburg-cologne-syspons-gmbh/
Full-Stack Engineer (m/w/d),Piano Software,https://berlinstartupjobs.com/engineering/full-stack-engineer-m-w-d-piano/
Full-Time,Proxify AB,https://weworkremotely.comhttps://weworkremotely.com/remote-full-time-jobs?page=1
Full-Time,Proxify AB,https://weworkremotely.comhttps://weworkremotely.com/remote-full-time-jobs?page=1
Full-Time,Prep Kitchen,https://weworkremotely.comhttps://weworkremotely.com/remote-full-time-jobs?page=1
Full-Time,Proxify AB,https://weworkremotely.comhttps://weworkremotely.com/remote-full-time-jobs?page=1
Full-Time,CSGOEmpire,https://weworkremotely.comhttps://weworkremotely.com/remote-full-time-jobs?page=1
Full-Time,silverorange,https://weworkremotely.comhttps://weworkremotely.com/remote-full-time-jobs?page=1
Full-Time,Slides With Friends,https://weworkremotely.comhttps://weworkremotely.com/remote-full-time-jobs?page=1
Full-Time,Proxify AB,https://weworkremotely.comhttps://weworkremotely.com/remote-full-time-jobs?page=1
Full-Time,Lemon.io,https://weworkremotely.comhttps://weworkremotely.com/remote-full-time-jobs?page=1
Full-Time,Lemon.io,https://weworkremotely.comhttps://weworkremotely.com/remote-full-time-jobs?page=1
Full-Time,GotSoccer, LLC,https://weworkremotely.comhttps://weworkremotely.com/remote-full-time-jobs?page=1
Full-Time,Pay By Card,https://weworkremotely.comhttps://weworkremotely.com/remote-full-time-jobs?page=1
Full-Time,Close,https://weworkremotely.comhttps://weworkremotely.com/remote-full-time-jobs?page=1
Full-Time,Close,https://weworkremotely.comhttps://weworkremotely.com/remote-full-time-jobs?page=1
Full-Time,Close,https://weworkremotely.comhttps://weworkremotely.com/remote-full-time-jobs?page=1
Full-Time,Proxify AB,https://weworkremotely.comhttps://weworkremotely.com/remote-full-time-jobs?page=1
Full-Time,Proxify AB,https://weworkremotely.comhttps://weworkremotely.com/remote-full-time-jobs?page=1
Full-Time,GearUp2Success,https://weworkremotely.comhttps://weworkremotely.com/remote-full-time-jobs?page=1
Full-Time,CSGOEmpire,https://weworkremotely.comhttps://weworkremotely.com/remote-full-time-jobs?page=1
Full-Time,Toggl,https://weworkremotely.comhttps://weworkremotely.com/remote-full-time-jobs?page=1
Full-Time,Close,https://weworkremotely.comhttps://weworkremotely.com/remote-full-time-jobs?page=1
Full-Time,G2i Inc.,https://weworkremotely.comhttps://weworkremotely.com/remote-full-time-jobs?page=1
Full-Time,Salesmsg,https://weworkremotely.comhttps://weworkremotely.com/remote-full-time-jobs?page=1
Full-Time,Interaction Design Foundation,https://weworkremotely.comhttps://weworkremotely.com/remote-full-time-jobs?page=1
Full-Time,Wordwall,https://weworkremotely.comhttps://weworkremotely.com/remote-full-time-jobs?page=1
Full-Time,LifeAnalytics,,Co.LTD,https://weworkremotely.comhttps://weworkremotely.com/remote-full-time-jobs?page=1
Full-Time,Contra,https://weworkremotely.comhttps://weworkremotely.com/remote-full-time-jobs?page=1
Full-Time,Medusa,https://weworkremotely.comhttps://weworkremotely.com/remote-full-time-jobs?page=1
Full-Time,CloudDevs,https://weworkremotely.comhttps://weworkremotely.com/remote-full-time-jobs?page=1
Full-Time,CloudDevs,https://weworkremotely.comhttps://weworkremotely.com/remote-full-time-jobs?page=1
Full-Time,Close,https://weworkremotely.comhttps://weworkremotely.com/remote-full-time-jobs?page=1
Full-Time,Academia Europea,https://weworkremotely.comhttps://weworkremotely.com/remote-full-time-jobs?page=1
Full-Time,Circuit,https://weworkremotely.comhttps://weworkremotely.com/remote-full-time-jobs?page=1
Full-Time,Yoko Co,https://weworkremotely.comhttps://weworkremotely.com/remote-full-time-jobs?page=1
Full-Time,Commslayer,https://weworkremotely.comhttps://weworkremotely.com/remote-full-time-jobs?page=1
Full-Time,Teal.dev,https://weworkremotely.comhttps://weworkremotely.com/remote-full-time-jobs?page=1
Full-Time,SimpleTiger LLC,https://weworkremotely.comhttps://weworkremotely.com/remote-full-time-jobs?page=1
Full-Time,Sticker Mule,https://weworkremotely.comhttps://weworkremotely.com/remote-full-time-jobs?page=1
Full-Time,Lemon.io,https://weworkremotely.comhttps://weworkremotely.com/remote-full-time-jobs?page=1
Full-Time,42 Technologies,https://weworkremotely.comhttps://weworkremotely.com/remote-full-time-jobs?page=1
Full-Time,Toggl,https://weworkremotely.comhttps://weworkremotely.com/remote-full-time-jobs?page=1
Full-Time,Toggl,https://weworkremotely.comhttps://weworkremotely.com/remote-full-time-jobs?page=1
Full-Time,Stealth Company,https://weworkremotely.comhttps://weworkremotely.com/remote-full-time-jobs?page=1
Full-Time,Fortune Writers Inc,https://weworkremotely.comhttps://weworkremotely.com/remote-full-time-jobs?page=1
Full-Time,QuickMail,https://weworkremotely.comhttps://weworkremotely.com/remote-full-time-jobs?page=1
Full-Time,Yoko Co,https://weworkremotely.comhttps://weworkremotely.com/remote-full-time-jobs?page=1
Full-Time,Interaction Design Foundation,https://weworkremotely.comhttps://weworkremotely.com/remote-full-time-jobs?page=1
Full-Time,Interaction Design Foundation,https://weworkremotely.comhttps://weworkremotely.com/remote-full-time-jobs?page=1
Full-Time,Interaction Design Foundation,https://weworkremotely.comhttps://weworkremotely.com/remote-full-time-jobs?page=1
Full-Time,Wordwall,https://weworkremotely.comhttps://weworkremotely.com/remote-full-time-jobs?page=2
Full-Time,XM,https://weworkremotely.comhttps://weworkremotely.com/remote-full-time-jobs?page=2
Full-Time,XM,https://weworkremotely.comhttps://weworkremotely.com/remote-full-time-jobs?page=2
Full-Time,MacroActive Ltd,https://weworkremotely.comhttps://weworkremotely.com/remote-full-time-jobs?page=2
Full-Time,Gradient Metrics,https://weworkremotely.comhttps://weworkremotely.com/remote-full-time-jobs?page=2
Full-Time,Trackdesk,https://weworkremotely.comhttps://weworkremotely.com/remote-full-time-jobs?page=2
Full-Time,Aurora Payments,https://weworkremotely.comhttps://weworkremotely.com/remote-full-time-jobs?page=2
Full-Time,CareRev,https://weworkremotely.comhttps://weworkremotely.com/remote-full-time-jobs?page=2
Full-Time,Storm Ideas,https://weworkremotely.comhttps://weworkremotely.com/remote-full-time-jobs?page=2
Full-Time,ADDITIVE,https://weworkremotely.comhttps://weworkremotely.com/remote-full-time-jobs?page=2
Full-Time,TeamGantt,https://weworkremotely.comhttps://weworkremotely.com/remote-full-time-jobs?page=2
Full-Time,BBE Marketing Inc,https://weworkremotely.comhttps://weworkremotely.com/remote-full-time-jobs?page=2
Full-Time,Froonze,https://weworkremotely.comhttps://weworkremotely.com/remote-full-time-jobs?page=2
Full-Time,Trifecta Retail Ventures,https://weworkremotely.comhttps://weworkremotely.com/remote-full-time-jobs?page=2
Full-Time,Marathon Data,https://weworkremotely.comhttps://weworkremotely.com/remote-full-time-jobs?page=2
Full-Time,Trifecta Retail Ventures,https://weworkremotely.comhttps://weworkremotely.com/remote-full-time-jobs?page=2
Full-Time,MailerLite,https://weworkremotely.comhttps://weworkremotely.com/remote-full-time-jobs?page=2
Full-Time,Chorus One,https://weworkremotely.comhttps://weworkremotely.com/remote-full-time-jobs?page=2
Full-Time,BotGuard,https://weworkremotely.comhttps://weworkremotely.com/remote-full-time-jobs?page=2
Full-Time,Toggl,https://weworkremotely.comhttps://weworkremotely.com/remote-full-time-jobs?page=2
Full-Time,Sanctuary Computer,https://weworkremotely.comhttps://weworkremotely.com/remote-full-time-jobs?page=2
Full-Time,Groove,https://weworkremotely.comhttps://weworkremotely.com/remote-full-time-jobs?page=2
Full-Time,Mainmatter,https://weworkremotely.comhttps://weworkremotely.com/remote-full-time-jobs?page=2
Full-Time,Flag Theory,https://weworkremotely.comhttps://weworkremotely.com/remote-full-time-jobs?page=2
Full-Time,Chorus One,https://weworkremotely.comhttps://weworkremotely.com/remote-full-time-jobs?page=2
Full-Time,BBE Marketing Inc,https://weworkremotely.comhttps://weworkremotely.com/remote-full-time-jobs?page=2
Full-Time,Hubstaff,https://weworkremotely.comhttps://weworkremotely.com/remote-full-time-jobs?page=2
Full-Time,Awesomic,https://weworkremotely.comhttps://weworkremotely.com/remote-full-time-jobs?page=2
Full-Time,Baymard Institute,https://weworkremotely.comhttps://weworkremotely.com/remote-full-time-jobs?page=2
Full-Time,commercebuild,https://weworkremotely.comhttps://weworkremotely.com/remote-full-time-jobs?page=2
Full-Time,EngagedMD,https://weworkremotely.comhttps://weworkremotely.com/remote-full-time-jobs?page=2
Full-Time,CoverGo,https://weworkremotely.comhttps://weworkremotely.com/remote-full-time-jobs?page=2
Full-Time,CoverGo,https://weworkremotely.comhttps://weworkremotely.com/remote-full-time-jobs?page=2
Full-Time,CoverGo,https://weworkremotely.comhttps://weworkremotely.com/remote-full-time-jobs?page=2
Full-Time,CoverGo,https://weworkremotely.comhttps://weworkremotely.com/remote-full-time-jobs?page=2
Full-Time,TalentGenius,https://weworkremotely.comhttps://weworkremotely.com/remote-full-time-jobs?page=2
Full-Time,RebelCode,https://weworkremotely.comhttps://weworkremotely.com/remote-full-time-jobs?page=2
Full-Time,Great Good Venture Studio,https://weworkremotely.comhttps://weworkremotely.com/remote-full-time-jobs?page=2
Full-Time,Shotstack,https://weworkremotely.comhttps://weworkremotely.com/remote-full-time-jobs?page=2
Full-Time,RGX,https://weworkremotely.comhttps://weworkremotely.com/remote-full-time-jobs?page=2
Full-Time,Photobooth Supply Co,https://weworkremotely.comhttps://weworkremotely.com/remote-full-time-jobs?page=2
Full-Time,Proxify AB,https://weworkremotely.comhttps://weworkremotely.com/remote-full-time-jobs?page=2
Full-Time,PIP University,https://weworkremotely.comhttps://weworkremotely.com/remote-full-time-jobs?page=2
Full-Time,Proxify AB,https://weworkremotely.comhttps://weworkremotely.com/remote-full-time-jobs?page=2
Full-Time,RGX,https://weworkremotely.comhttps://weworkremotely.com/remote-full-time-jobs?page=2
Full-Time,EngagedMD,https://weworkremotely.comhttps://weworkremotely.com/remote-full-time-jobs?page=2
Full-Time,GorillaDesk,https://weworkremotely.comhttps://weworkremotely.com/remote-full-time-jobs?page=2
Full-Time,LifeAnalytics,https://weworkremotely.comhttps://weworkremotely.com/remote-full-time-jobs?page=2
Full-Time,Realiste,https://weworkremotely.comhttps://weworkremotely.com/remote-full-time-jobs?page=2
Full-Time,The Ward Law Group,https://weworkremotely.comhttps://weworkremotely.com/remote-full-time-jobs?page=3
Full-Time,Venture Personnel,https://weworkremotely.comhttps://weworkremotely.com/remote-full-time-jobs?page=3
Full-Time,VEXXHOST, Inc.,https://weworkremotely.comhttps://weworkremotely.com/remote-full-time-jobs?page=3
Full-Time,VEXXHOST, Inc.,https://weworkremotely.comhttps://weworkremotely.com/remote-full-time-jobs?page=3
Full-Time,Booster SEO,https://weworkremotely.comhttps://weworkremotely.com/remote-full-time-jobs?page=3
Full-Time,UsedConex.com,https://weworkremotely.comhttps://weworkremotely.com/remote-full-time-jobs?page=3
Full-Time,LeadSimple, Inc.,https://weworkremotely.comhttps://weworkremotely.com/remote-full-time-jobs?page=3
Full-Time,Sticker Mule,https://weworkremotely.comhttps://weworkremotely.com/remote-full-time-jobs?page=3
Full-Time,Interaction Design Foundation,https://weworkremotely.comhttps://weworkremotely.com/remote-full-time-jobs?page=3
Full-Time,Staffing Engine,https://weworkremotely.comhttps://weworkremotely.com/remote-full-time-jobs?page=3
Full-Time,Filestage,https://weworkremotely.comhttps://weworkremotely.com/remote-full-time-jobs?page=3
Full-Time,Proxify AB,https://weworkremotely.comhttps://weworkremotely.com/remote-full-time-jobs?page=3
Full-Time,Gevulot,https://weworkremotely.comhttps://weworkremotely.com/remote-full-time-jobs?page=3
Full-Time,A.Team,https://weworkremotely.comhttps://weworkremotely.com/remote-full-time-jobs?page=3
Full-Time,GoTu,https://weworkremotely.comhttps://weworkremotely.com/remote-full-time-jobs?page=3
Full-Time,FreeWill,https://weworkremotely.comhttps://weworkremotely.com/remote-full-time-jobs?page=3
Full-Time,Proxify AB,https://weworkremotely.comhttps://weworkremotely.com/remote-full-time-jobs?page=3
Full-Time,Proxify AB,https://weworkremotely.comhttps://weworkremotely.com/remote-full-time-jobs?page=3
Full-Time,MailerLite,https://weworkremotely.comhttps://weworkremotely.com/remote-full-time-jobs?page=3
Full-Time,Groove,https://weworkremotely.comhttps://weworkremotely.com/remote-full-time-jobs?page=3
Full-Time,BriteBiz,https://weworkremotely.comhttps://weworkremotely.com/remote-full-time-jobs?page=3
Full-Time,ROADWAY RESCUES LLC,https://weworkremotely.comhttps://weworkremotely.com/remote-full-time-jobs?page=3
Full-Time,Dawn Ji Inc,https://weworkremotely.comhttps://weworkremotely.com/remote-full-time-jobs?page=3
Full-Time,Elevate Labs,https://weworkremotely.comhttps://weworkremotely.com/remote-full-time-jobs?page=3
Full-Time,BBE Marketing Inc,https://weworkremotely.comhttps://weworkremotely.com/remote-full-time-jobs?page=3
Full-Time,Filestage,https://weworkremotely.comhttps://weworkremotely.com/remote-full-time-jobs?page=3
Full-Time,Supernova,https://weworkremotely.comhttps://weworkremotely.com/remote-full-time-jobs?page=3
Full-Time,Structure.io,https://weworkremotely.comhttps://weworkremotely.com/remote-full-time-jobs?page=3
Full-Time,Loupe Art,https://weworkremotely.comhttps://weworkremotely.com/remote-full-time-jobs?page=3
Full-Time,Doximity,https://weworkremotely.comhttps://weworkremotely.com/remote-full-time-jobs?page=3
Full-Time,scandiweb,https://weworkremotely.comhttps://weworkremotely.com/remote-full-time-jobs?page=3
Full-Time,amazee.io,https://weworkremotely.comhttps://weworkremotely.com/remote-full-time-jobs?page=3
Full-Time,RGX,https://weworkremotely.comhttps://weworkremotely.com/remote-full-time-jobs?page=3
Full-Time,Rivo Commerce,https://weworkremotely.comhttps://weworkremotely.com/remote-full-time-jobs?page=3
Full-Time,Smile.io,https://weworkremotely.comhttps://weworkremotely.com/remote-full-time-jobs?page=3
Full-Time,LeadSimple, Inc.,https://weworkremotely.comhttps://weworkremotely.com/remote-full-time-jobs?page=3
Full-Time,Rebilly,https://weworkremotely.comhttps://weworkremotely.com/remote-full-time-jobs?page=3
Full-Time,amazee.io ,https://weworkremotely.comhttps://weworkremotely.com/remote-full-time-jobs?page=3
Full-Time,XM,https://weworkremotely.comhttps://weworkremotely.com/remote-full-time-jobs?page=3
Full-Time,XM,https://weworkremotely.comhttps://weworkremotely.com/remote-full-time-jobs?page=3
Full-Time,XM,https://weworkremotely.comhttps://weworkremotely.com/remote-full-time-jobs?page=3
Full-Time,Ground News,https://weworkremotely.comhttps://weworkremotely.com/remote-full-time-jobs?page=3
Full-Time,Quiet,https://weworkremotely.comhttps://weworkremotely.com/remote-full-time-jobs?page=3
Full-Time,OpenPlay,https://weworkremotely.comhttps://weworkremotely.com/remote-full-time-jobs?page=3
Full-Time,EG Publishing,https://weworkremotely.comhttps://weworkremotely.com/remote-full-time-jobs?page=3
Full-Time,Honestly,https://weworkremotely.comhttps://weworkremotely.com/remote-full-time-jobs?page=3
Full-Time,Balmy World,https://weworkremotely.comhttps://weworkremotely.com/remote-full-time-jobs?page=3
Full-Time,Proxify AB,https://weworkremotely.comhttps://weworkremotely.com/remote-full-time-jobs?page=3
Full-Time,TalentGenius,https://weworkremotely.comhttps://weworkremotely.com/remote-full-time-jobs?page=3
Full-Time,New Law Business Model,https://weworkremotely.comhttps://weworkremotely.com/remote-full-time-jobs?page=4
Full-Time,WPAI,https://weworkremotely.comhttps://weworkremotely.com/remote-full-time-jobs?page=4
Full-Time,BBE Marketing Inc,https://weworkremotely.comhttps://weworkremotely.com/remote-full-time-jobs?page=4
Full-Time,RemoteMore,https://weworkremotely.comhttps://weworkremotely.com/remote-full-time-jobs?page=4
Full-Time,Figure 53,https://weworkremotely.comhttps://weworkremotely.com/remote-full-time-jobs?page=4
Full-Time,RGX,https://weworkremotely.comhttps://weworkremotely.com/remote-full-time-jobs?page=4
Full-Time,LeadSimple, Inc.,https://weworkremotely.comhttps://weworkremotely.com/remote-full-time-jobs?page=4
Full-Time,Kadeau,https://weworkremotely.comhttps://weworkremotely.com/remote-full-time-jobs?page=4
Full-Time,Covariant AI ,https://weworkremotely.comhttps://weworkremotely.com/remote-full-time-jobs?page=4
Full-Time,Refact,https://weworkremotely.comhttps://weworkremotely.com/remote-full-time-jobs?page=4
